{"stats":{"minecraft:custom":{"minecraft:time_since_rest":7355,"minecraft:crouch_one_cm":1887,"minecraft:sprint_one_cm":10461,"minecraft:play_time":20776,"minecraft:deaths":2,"minecraft:damage_taken":370,"minecraft:walk_one_cm":16056,"minecraft:sneak_time":1183,"minecraft:drop":2,"minecraft:jump":108,"minecraft:damage_dealt":10,"minecraft:leave_game":7,"minecraft:walk_on_water_one_cm":2515,"minecraft:time_since_death":7307,"minecraft:climb_one_cm":1096,"minecraft:total_world_time":20776,"minecraft:fall_one_cm":3011,"minecraft:fly_one_cm":141558},"minecraft:picked_up":{"minecraft:arrow":1,"minecraft:bone":2,"minecraft:oak_button":2},"minecraft:dropped":{"minecraft:oak_button":2},"minecraft:used":{"minecraft:tnt":8,"minecraft:oak_button":2},"minecraft:killed_by":{"minecraft:skeleton":1}},"DataVersion":3465}