{"stats":{"minecraft:custom":{"minecraft:time_since_rest":4962,"minecraft:sprint_one_cm":97451,"minecraft:damage_taken":880,"minecraft:walk_one_cm":52080,"minecraft:mob_kills":11,"minecraft:drop":6,"minecraft:damage_dealt":1430,"minecraft:swim_one_cm":9128,"minecraft:interact_with_crafting_table":4,"minecraft:fly_one_cm":197991,"minecraft:open_chest":2,"minecraft:crouch_one_cm":385,"minecraft:play_time":22483,"minecraft:deaths":3,"minecraft:sneak_time":403,"minecraft:walk_under_water_one_cm":1745,"minecraft:jump":889,"minecraft:leave_game":1,"minecraft:time_since_death":4936,"minecraft:walk_on_water_one_cm":1995,"minecraft:sleep_in_bed":1,"minecraft:total_world_time":22483,"minecraft:fall_one_cm":34727},"minecraft:picked_up":{"minecraft:stick":5,"minecraft:crafting_table":2,"minecraft:leather":2,"minecraft:torch":2,"minecraft:porkchop":10,"minecraft:oak_log":3,"minecraft:white_bed":1,"minecraft:string":2,"minecraft:spider_eye":1,"minecraft:dirt":3,"minecraft:white_banner":1,"minecraft:red_sand":1,"minecraft:beef":3,"minecraft:dark_oak_fence":1,"minecraft:chest":1,"minecraft:mutton":5,"minecraft:white_wool":3,"minecraft:cobblestone":2},"minecraft:crafted":{"minecraft:oak_planks":12,"minecraft:crafting_table":2,"minecraft:stick":4,"minecraft:wooden_axe":1,"minecraft:white_bed":1,"minecraft:dark_oak_planks":24},"minecraft:used":{"minecraft:wooden_axe":18,"minecraft:mutton":5,"minecraft:beef":3,"minecraft:crafting_table":2,"minecraft:white_bed":1,"minecraft:potato":9,"minecraft:experience_bottle":1},"minecraft:killed":{"minecraft:sheep":3,"minecraft:pillager":1,"minecraft:pig":4,"minecraft:spider":1,"minecraft:cow":2},"minecraft:mined":{"minecraft:acacia_leaves":1,"minecraft:white_bed":1,"minecraft:white_wall_banner":1,"minecraft:crafting_table":2,"minecraft:dark_oak_fence":2,"minecraft:grass":10,"minecraft:red_sand":1,"minecraft:oak_log":3,"minecraft:chest":1,"minecraft:dead_bush":8,"minecraft:wall_torch":2},"minecraft:dropped":{"minecraft:white_banner":1,"minecraft:stick":5}},"DataVersion":3465}