{"stats":{"minecraft:custom":{"minecraft:jump":92,"minecraft:time_since_rest":1910,"minecraft:damage_dealt":10,"minecraft:walk_on_water_one_cm":2515,"minecraft:damage_taken":370,"minecraft:crouch_one_cm":949,"minecraft:leave_game":7,"minecraft:play_time":15331,"minecraft:sprint_one_cm":9358,"minecraft:deaths":2,"minecraft:time_since_death":1862,"minecraft:walk_one_cm":11006,"minecraft:sneak_time":624,"minecraft:climb_one_cm":1096,"minecraft:total_world_time":15331,"minecraft:fall_one_cm":3011,"minecraft:fly_one_cm":75153},"minecraft:picked_up":{"minecraft:bone":2,"minecraft:arrow":1},"minecraft:killed_by":{"minecraft:skeleton":1}},"DataVersion":3465}