{"stats":{"minecraft:custom":{"minecraft:time_since_rest":853,"minecraft:deaths":1,"minecraft:crouch_one_cm":25,"minecraft:play_time":4495,"minecraft:sprint_one_cm":15923,"minecraft:damage_taken":250,"minecraft:walk_one_cm":8698,"minecraft:sneak_time":113,"minecraft:walk_under_water_one_cm":1370,"minecraft:mob_kills":5,"minecraft:jump":148,"minecraft:damage_dealt":730,"minecraft:walk_on_water_one_cm":149,"minecraft:time_since_death":827,"minecraft:total_world_time":4495,"minecraft:swim_one_cm":2379,"minecraft:interact_with_crafting_table":1,"minecraft:fall_one_cm":6094,"minecraft:fly_one_cm":31416},"minecraft:picked_up":{"minecraft:crafting_table":1,"minecraft:porkchop":10,"minecraft:oak_log":3,"minecraft:dirt":3,"minecraft:spider_eye":1,"minecraft:string":2,"minecraft:cobblestone":2},"minecraft:crafted":{"minecraft:oak_planks":12,"minecraft:crafting_table":1,"minecraft:stick":4,"minecraft:wooden_axe":1},"minecraft:used":{"minecraft:wooden_axe":18,"minecraft:crafting_table":1},"minecraft:killed":{"minecraft:spider":1,"minecraft:pig":4},"minecraft:mined":{"minecraft:grass":4,"minecraft:oak_log":3,"minecraft:acacia_leaves":1,"minecraft:crafting_table":1}},"DataVersion":3465}