{"stats":{"minecraft:custom":{"minecraft:time_since_rest":24124,"minecraft:crouch_one_cm":3940,"minecraft:damage_taken":370,"minecraft:sprint_one_cm":21054,"minecraft:play_time":46193,"minecraft:deaths":2,"minecraft:walk_one_cm":24707,"minecraft:sneak_time":2267,"minecraft:drop":2,"minecraft:jump":185,"minecraft:damage_dealt":10,"minecraft:leave_game":11,"minecraft:walk_on_water_one_cm":2515,"minecraft:time_since_death":32724,"minecraft:sleep_in_bed":1,"minecraft:climb_one_cm":3900,"minecraft:total_world_time":46193,"minecraft:fall_one_cm":3011,"minecraft:fly_one_cm":319281},"minecraft:picked_up":{"minecraft:arrow":1,"minecraft:bone":2,"minecraft:oak_button":2,"minecraft:sugar_cane":4,"minecraft:dirt":5,"minecraft:cobblestone":2},"minecraft:dropped":{"minecraft:oak_button":2},"minecraft:used":{"minecraft:tnt":9,"minecraft:oak_button":3,"minecraft:white_bed":1},"minecraft:killed_by":{"minecraft:skeleton":1}},"DataVersion":3465}